description,category
Online learning platform,education
Crop monitoring system,agriculture
AI-based chatbot,tech
Voice recognition assistant,tech
AI-generated art gallery,art
AI diagnosis assistant,health
Volunteering platform,social
Fitness challenge app,sports
Mental health tracking app,health
AI diagnosis assistant,health
AI-generated art gallery,art
Neighborhood discussion forum,social
Delivery route optimizer,transport
Fitness wearable integration,health
Athlete performance monitor,sports
Online learning platform,education
Event discovery app,social
Digital music composer,art
Climate change awareness app,environment
Agri marketplace,agriculture
Neighborhood discussion forum,social
Delivery route optimizer,transport
Health diet planner,health
Augmented reality for shopping,tech
Delivery route optimizer,transport
Delivery route optimizer,transport
Eco-friendly product finder,environment
Soil health analyzer,agriculture
Fitness challenge app,sports
Online learning platform,education
Neighborhood discussion forum,social
AI-based chatbot,tech
Fitness wearable integration,health
Bike rental system,transport
Athlete performance monitor,sports
Public transport tracker,transport
Crop monitoring system,agriculture
Blockchain voting system,tech
Gamified learning app,education
Stock trading simulator,finance
Neighborhood discussion forum,social
Online learning platform,education
AI-based chatbot,tech
Bike rental system,transport
Animation storyboard app,art
Health diet planner,health
Mental health tracking app,health
AI diagnosis assistant,health
Eco-friendly product finder,environment
Fantasy league manager,sports
Interactive language tutor,education
Online learning platform,education
Soil health analyzer,agriculture
Augmented reality for shopping,tech
Augmented reality for shopping,tech
Climate change awareness app,environment
Event discovery app,social
Digital music composer,art
Fitness wearable integration,health
Event discovery app,social
Climate change awareness app,environment
Water quality monitor,environment
Eco-friendly product finder,environment
Recycling tracker,environment
Virtual art museum,art
Animation storyboard app,art
Mental health tracking app,health
Agri marketplace,agriculture
Soil health analyzer,agriculture
Live sports commentary bot,sports
Weather-based irrigation app,agriculture
Crypto investment tracker,finance
Recycling tracker,environment
AI-generated art gallery,art
Expense management app,finance
Mental health tracking app,health
Health diet planner,health
AI-based match prediction,sports
Stock trading simulator,finance
Digital music composer,art
Ride-sharing platform,transport
Soil health analyzer,agriculture
Soil health analyzer,agriculture
Local news aggregator,social
Telemedicine platform,health
Local news aggregator,social
Neighborhood discussion forum,social
Live sports commentary bot,sports
Augmented reality for shopping,tech
Event discovery app,social
Weather-based irrigation app,agriculture
Live sports commentary bot,sports
Loan comparison platform,finance
IoT home automation,tech
EV charging locator,transport
Water quality monitor,environment
Gamified learning app,education
Virtual art museum,art
Augmented reality for shopping,tech
Crypto investment tracker,finance
AI-generated art gallery,art
Ride-sharing platform,transport
Mental health tracking app,health
Stock trading simulator,finance
AI-based match prediction,sports
Fitness wearable integration,health
Soil health analyzer,agriculture
Delivery route optimizer,transport
Weather-based irrigation app,agriculture
Fitness challenge app,sports
Virtual classroom,education
Gamified learning app,education
Local news aggregator,social
Ride-sharing platform,transport
Fitness challenge app,sports
Augmented reality for shopping,tech
Athlete performance monitor,sports
Blockchain voting system,tech
Health diet planner,health
Local news aggregator,social
Augmented reality for shopping,tech
Personal budgeting tool,finance
Eco-friendly product finder,environment
Carbon footprint calculator,environment
AI diagnosis assistant,health
Animation storyboard app,art
Student performance tracker,education
AI diagnosis assistant,health
Health diet planner,health
Digital music composer,art
Community help board,social
Event discovery app,social
Expense management app,finance
IoT home automation,tech
Farm equipment sharing,agriculture
Online learning platform,education
Volunteering platform,social
Stock trading simulator,finance
Eco-friendly product finder,environment
Carbon footprint calculator,environment
Health diet planner,health
Carbon footprint calculator,environment
Virtual classroom,education
Agri marketplace,agriculture
IoT home automation,tech
Gamified learning app,education
Collaborative design platform,art
Mental health tracking app,health
Fitness wearable integration,health
Health diet planner,health
Mental health tracking app,health
Recycling tracker,environment
Fantasy league manager,sports
Weather-based irrigation app,agriculture
Soil health analyzer,agriculture
Carbon footprint calculator,environment
Loan comparison platform,finance
Recycling tracker,environment
Carbon footprint calculator,environment
Weather-based irrigation app,agriculture
Delivery route optimizer,transport
Public transport tracker,transport
Neighborhood discussion forum,social
Health diet planner,health
Collaborative design platform,art
Ride-sharing platform,transport
Personal budgeting tool,finance
AI diagnosis assistant,health
AI-based match prediction,sports
Agri marketplace,agriculture
EV charging locator,transport
EV charging locator,transport
Fitness challenge app,sports
IoT home automation,tech
AI-based match prediction,sports
Expense management app,finance
Loan comparison platform,finance
Live sports commentary bot,sports
Gamified learning app,education
Live sports commentary bot,sports
Live sports commentary bot,sports
EV charging locator,transport
Farm equipment sharing,agriculture
Personal budgeting tool,finance
Soil health analyzer,agriculture
Eco-friendly product finder,environment
Delivery route optimizer,transport
Athlete performance monitor,sports
Agri marketplace,agriculture
Agri marketplace,agriculture
Digital music composer,art
Local news aggregator,social
Athlete performance monitor,sports
Telemedicine platform,health
Gamified learning app,education
Collaborative design platform,art
AI-based match prediction,sports
Water quality monitor,environment
Climate change awareness app,environment
Health diet planner,health
Weather-based irrigation app,agriculture
Community help board,social
Collaborative design platform,art
Eco-friendly product finder,environment
Personal budgeting tool,finance
Health diet planner,health
Gamified learning app,education
Animation storyboard app,art
AI-generated art gallery,art
Delivery route optimizer,transport
Water quality monitor,environment
Virtual classroom,education
Student performance tracker,education
AI-based chatbot,tech
AI diagnosis assistant,health
Recycling tracker,environment
Student performance tracker,education
Delivery route optimizer,transport
Gamified learning app,education
Expense management app,finance
Live sports commentary bot,sports
AI-generated art gallery,art
Eco-friendly product finder,environment
AI-generated art gallery,art
Personal budgeting tool,finance
AI diagnosis assistant,health
Crop monitoring system,agriculture
Health diet planner,health
Carbon footprint calculator,environment
AI-based match prediction,sports
AI-generated art gallery,art
Climate change awareness app,environment
Online learning platform,education
Fitness wearable integration,health
Climate change awareness app,environment
Community help board,social
Community help board,social
Fitness challenge app,sports
Virtual art museum,art
Community help board,social
Personal budgeting tool,finance
Public transport tracker,transport
Climate change awareness app,environment
Agri marketplace,agriculture
Personal budgeting tool,finance
Expense management app,finance
Online learning platform,education
Online learning platform,education
Eco-friendly product finder,environment
Crop monitoring system,agriculture
Public transport tracker,transport
Ride-sharing platform,transport
Gamified learning app,education
Online learning platform,education
Student performance tracker,education
Eco-friendly product finder,environment
Delivery route optimizer,transport
Delivery route optimizer,transport
Blockchain voting system,tech
Student performance tracker,education
Crop monitoring system,agriculture
Personal budgeting tool,finance
Telemedicine platform,health
Local news aggregator,social
Ride-sharing platform,transport
Loan comparison platform,finance
Stock trading simulator,finance
Recycling tracker,environment
Online learning platform,education
Online learning platform,education
Neighborhood discussion forum,social
Public transport tracker,transport
Delivery route optimizer,transport
Soil health analyzer,agriculture
IoT home automation,tech
Virtual classroom,education
Eco-friendly product finder,environment
Voice recognition assistant,tech
Collaborative design platform,art
Delivery route optimizer,transport
Crop monitoring system,agriculture
Athlete performance monitor,sports
Farm equipment sharing,agriculture
Digital music composer,art
Health diet planner,health
Delivery route optimizer,transport
Virtual classroom,education
Climate change awareness app,environment
Farm equipment sharing,agriculture
Carbon footprint calculator,environment
Event discovery app,social
Health diet planner,health
Crypto investment tracker,finance
Online learning platform,education
Blockchain voting system,tech
AI-based match prediction,sports
Loan comparison platform,finance
AI diagnosis assistant,health
Stock trading simulator,finance
Delivery route optimizer,transport
